path;size;last_access;type
radio;0;2016-12-31T12:46:27Z;directory
radio/effect.png;729340270;2009-08-08T05:41:27Z;file
radio/person.pdf;812027222;2011-01-17T18:35:28Z;file
radio/please.R;117123574;2016-05-21T02:07:34Z;file
radio/provide;0;2012-10-24T05:32:42Z;directory
radio/provide/double;0;2018-04-05T02:02:54Z;directory
radio/provide/double/between.xls;704822840;2012-06-27T04:03:00Z;file
radio/provide/double/corner;0;2013-10-08T18:12:17Z;directory
radio/provide/double/corner/describe.png;524259790;2013-10-08T18:12:17Z;file
radio/provide/double/corner/select;0;2016-05-18T23:58:24Z;directory
radio/provide/double/corner/select/final.pdf;550472275;2008-09-18T10:38:50Z;file
radio/provide/double/corner/select/shoulder.pdf;6864747;2012-01-06T00:25:45Z;file
radio/provide/double/corner/select/surface.jpg;475143305;2014-02-08T18:28:34Z;file
radio/provide/double/corner/select/those.pdf;58111610;2015-06-19T14:40:34Z;file
radio/provide/double/corner/select/toward.png;691153834;2014-01-05T06:27:40Z;file
radio/provide/double/corner/select/voice.R;13102096;2016-05-18T23:58:24Z;file
radio/provide/double/corner/sharp.png;619085310;2012-02-26T19:29:53Z;file
radio/provide/double/design;0;2015-04-14T08:20:48Z;directory
radio/provide/double/design/captain.png;117095848;2013-01-01T16:12:51Z;file
radio/provide/double/design/plant.png;961874233;2011-05-03T22:43:32Z;file
radio/provide/double/design/position.pdf;805941139;2013-06-07T04:56:51Z;file
radio/provide/double/design/rather.doc;18098683;2009-08-18T23:45:19Z;file
radio/provide/double/design/select.png;706367827;2011-06-23T06:40:03Z;file
radio/provide/double/design/shore.R;341093122;2014-03-04T18:40:11Z;file
radio/provide/double/design/spring;0;2018-05-03T01:21:10Z;directory
radio/provide/double/design/spring/character.pdf;86335460;2012-08-17T14:35:09Z;file
radio/provide/double/design/spring/fresh.pdf;155873190;2018-05-03T01:21:10Z;file
radio/provide/double/design/spring/moment.pdf;252881520;2009-03-23T00:51:24Z;file
radio/provide/double/design/spring/shine.pdf;478127283;2009-09-16T14:06:37Z;file
radio/provide/double/design/spring/teach.png;1067584747;2015-06-21T20:07:28Z;file
radio/provide/double/design/stone.doc;257832463;2015-04-14T08:20:48Z;file
radio/provide/double/design/support;0;2012-06-22T17:43:26Z;directory
radio/provide/double/design/support/chief.png;343621896;2012-06-22T17:43:26Z;file
radio/provide/double/happen.pdf;882843047;2009-10-06T09:11:14Z;file
radio/provide/double/numeral.pdf;181541791;2012-09-05T11:19:22Z;file
radio/provide/double/since;0;2017-11-17T19:05:54Z;directory
radio/provide/double/since/begin.png;461723203;2014-10-20T14:39:10Z;file
radio/provide/double/since/bright;0;2017-02-23T05:36:43Z;directory
radio/provide/double/since/bright/about.png;600139283;2011-12-06T03:16:26Z;file
radio/provide/double/since/bright/afraid.R;17844726;2015-03-08T06:47:08Z;file
radio/provide/double/since/bright/house.doc;561131615;2013-08-01T17:02:25Z;file
radio/provide/double/since/bright/press.png;8241677;2013-01-10T19:47:34Z;file
radio/provide/double/since/bright/produce.doc;307653667;2015-10-03T00:19:33Z;file
radio/provide/double/since/bright/reply.R;144301798;2017-02-23T05:36:43Z;file
radio/provide/double/since/bright/settle.pdf;301610077;2012-11-22T14:03:26Z;file
radio/provide/double/since/bright/similar.pdf;801400297;2010-01-11T17:53:08Z;file
radio/provide/double/since/bright/though.pdf;436716286;2015-04-27T01:21:48Z;file
radio/provide/double/since/depend.R;327416907;2017-02-20T05:07:09Z;file
radio/provide/double/since/neighbor.png;585236062;2013-08-05T12:26:40Z;file
radio/provide/double/since/nothing;0;2017-10-07T06:00:46Z;directory
radio/provide/double/since/nothing/company.xls;953246657;2010-05-15T11:59:07Z;file
radio/provide/double/since/nothing/eight.R;312408538;2010-02-09T05:18:43Z;file
radio/provide/double/since/nothing/invent.jpg;187163984;2009-09-29T08:04:26Z;file
radio/provide/double/since/nothing/method.R;909306156;2015-02-16T01:26:04Z;file
radio/provide/double/since/nothing/moment.jpg;1031626129;2014-10-18T02:09:36Z;file
radio/provide/double/since/nothing/order.xls;596858766;2016-04-03T10:02:14Z;file
radio/provide/double/since/nothing/oxygen.jpg;431079216;2013-01-29T04:13:40Z;file
radio/provide/double/since/nothing/similar.pdf;21858637;2017-10-07T06:00:46Z;file
radio/provide/double/since/special;0;2017-02-14T16:54:43Z;directory
radio/provide/double/since/special/morning.R;915242709;2010-09-01T04:27:58Z;file
radio/provide/double/since/special/neighbor.jpg;110210712;2017-02-14T16:54:43Z;file
radio/provide/double/since/special/object.jpg;616186595;2012-03-13T05:57:20Z;file
radio/provide/double/since/thank.doc;249067834;2017-11-17T19:05:54Z;file
radio/provide/double/since/there.R;131527177;2017-03-15T05:30:15Z;file
radio/provide/double/watch;0;2010-07-16T03:22:14Z;directory
radio/provide/double/watch/laugh;0;2017-02-15T13:59:21Z;directory
radio/provide/double/watch/laugh/nature.xls;819219164;2009-01-21T06:28:57Z;file
radio/provide/double/watch/laugh/special.pdf;584055239;2017-02-15T13:59:21Z;file
radio/provide/double/watch/might.pdf;288263944;2010-07-16T03:22:14Z;file
radio/provide/double/watch/occur;0;2018-01-06T05:18:00Z;directory
radio/provide/double/watch/occur/arrive.xls;680637184;2012-04-19T08:52:03Z;file
radio/provide/double/watch/occur/enemy.png;944592310;2008-11-19T16:21:30Z;file
radio/provide/double/watch/occur/except.jpg;252718807;2010-12-14T00:49:09Z;file
radio/provide/double/watch/occur/gentle.doc;570675377;2015-10-17T10:41:59Z;file
radio/provide/double/watch/occur/industry.doc;378433182;2018-01-06T05:18:00Z;file
radio/provide/double/watch/occur/invent.pdf;229377143;2011-08-03T11:58:11Z;file
radio/provide/double/watch/occur/night.jpg;324724901;2016-04-16T15:44:52Z;file
radio/provide/double/watch/reply;0;2010-10-01T07:30:02Z;directory
radio/provide/double/watch/reply/contain.xls;1039267430;2008-06-04T00:57:22Z;file
radio/provide/double/watch/reply/woman.pdf;1056014202;2010-10-01T07:30:02Z;file
radio/provide/double/watch/separate;0;2017-10-11T22:18:40Z;directory
radio/provide/double/watch/separate/arrive.doc;735965707;2017-10-11T22:18:40Z;file
radio/provide/double/watch/separate/blood.png;670767124;2009-01-18T06:31:43Z;file
radio/provide/double/watch/separate/complete.R;698013592;2011-08-22T18:31:36Z;file
radio/provide/double/watch/separate/letter.doc;857244661;2016-12-19T15:53:35Z;file
radio/provide/double/watch/separate/pretty.R;773599835;2012-06-24T12:35:14Z;file
radio/provide/double/watch/separate/reach.pdf;347501182;2009-01-18T12:38:54Z;file
radio/provide/double/watch/those.doc;329035857;2009-10-11T00:38:48Z;file
radio/provide/double/winter.png;783296771;2018-04-05T02:02:54Z;file
radio/provide/field.png;82878780;2012-10-24T05:32:42Z;file
radio/provide/planet/level;0;2014-05-04T14:34:47Z;directory
radio/provide/planet/level/clear;0;2017-07-29T14:36:36Z;directory
radio/provide/planet/level/clear/answer.png;799964396;2016-01-20T07:53:39Z;file
radio/provide/planet/level/clear/branch.R;29718400;2017-07-29T14:36:36Z;file
radio/provide/planet/level/clear/clear.jpg;435640848;2012-02-08T09:05:32Z;file
radio/provide/planet/level/clear/company.R;461962234;2014-10-09T05:49:22Z;file
radio/provide/planet/level/clear/house.jpg;493880993;2016-01-23T04:09:10Z;file
radio/provide/planet/level/clear/stream.pdf;948815657;2008-05-31T06:26:58Z;file
radio/provide/planet/level/clear/table.png;792378213;2012-10-15T13:29:54Z;file
radio/provide/planet/level/great.R;548102102;2010-08-18T12:43:34Z;file
radio/provide/planet/level/reason.doc;239360349;2013-08-23T02:49:07Z;file
radio/provide/planet/level/shell;0;2014-07-18T18:01:00Z;directory
radio/provide/planet/level/shell/field.xls;592355641;2013-07-29T04:31:50Z;file
radio/provide/planet/level/shell/forest.jpg;435858437;2010-11-26T02:22:13Z;file
radio/provide/planet/level/shell/order.R;330348759;2012-03-23T19:14:53Z;file
radio/provide/planet/level/shell/pitch.jpg;549049594;2008-12-29T14:31:15Z;file
radio/provide/planet/level/shell/point.jpg;1022467579;2009-11-27T11:15:29Z;file
radio/provide/planet/level/shell/pretty.doc;298874050;2014-07-18T18:01:00Z;file
radio/provide/planet/level/shell/property.png;98923416;2012-03-31T08:52:00Z;file
radio/provide/planet/level/should.jpg;55580965;2009-03-21T20:01:28Z;file
radio/provide/planet/level/similar;0;2016-10-02T04:11:33Z;directory
radio/provide/planet/level/similar/collect.R;484356229;2015-09-09T08:25:05Z;file
radio/provide/planet/level/similar/other.jpg;957486795;2016-10-02T04:11:33Z;file
radio/provide/planet/level/stream.R;776560782;2014-05-04T14:34:47Z;file
radio/provide/planet/level/suggest.doc;566900381;2013-05-14T08:00:27Z;file
radio/provide/planet/level/weight.jpg;809227396;2009-11-30T19:56:01Z;file
radio/provide/planet/sister;0;2017-06-20T14:53:49Z;directory
radio/provide/planet/sister/claim.pdf;343880765;2014-03-10T11:22:27Z;file
radio/provide/planet/sister/desert;0;2016-02-03T17:08:05Z;directory
radio/provide/planet/sister/desert.R;28926032;2017-06-20T14:53:49Z;file
radio/provide/planet/sister/desert/oxygen.png;885403911;2016-02-03T17:08:05Z;file
radio/provide/planet/sister/divide.R;168338458;2015-04-15T04:01:02Z;file
radio/provide/planet/sister/father;0;2016-12-15T10:52:46Z;directory
radio/provide/planet/sister/father/answer.pdf;17301646;2008-07-19T15:22:09Z;file
radio/provide/planet/sister/father/electric.doc;1046481011;2008-08-27T13:35:50Z;file
radio/provide/planet/sister/father/large.pdf;879167931;2013-10-27T05:51:53Z;file
radio/provide/planet/sister/father/occur.xls;59876349;2014-08-19T09:38:53Z;file
radio/provide/planet/sister/father/rather.png;99238123;2016-12-15T10:52:46Z;file
radio/provide/planet/sister/father/silver.R;801467696;2016-02-07T23:44:24Z;file
radio/provide/planet/sister/govern.doc;60595845;2011-11-21T04:14:05Z;file
radio/provide/planet/sister/match.doc;641465433;2011-06-02T09:31:27Z;file
radio/provide/planet/sister/month.pdf;3768390;2014-05-17T02:03:29Z;file
radio/provide/planet/sister/shine.png;311050883;2016-05-15T19:07:26Z;file
radio/provide/planet/sister/track.pdf;517409585;2016-02-08T17:09:44Z;file
radio/provide/planet/sister/wrong.R;103595939;2016-10-28T05:31:25Z;file
radio/provide/planet/there;0;2015-06-25T05:26:43Z;directory
radio/provide/planet/there/afraid;0;2016-09-16T05:07:35Z;directory
radio/provide/planet/there/afraid/animal.pdf;866889545;2016-09-16T05:07:35Z;file
radio/provide/planet/there/afraid/simple.pdf;586579428;2012-01-28T14:17:26Z;file
radio/provide/planet/there/color.doc;274604119;2009-01-10T02:00:10Z;file
radio/provide/planet/there/heavy;0;2015-01-31T11:15:39Z;directory
radio/provide/planet/there/heavy/behind.doc;101825632;2008-12-31T13:23:52Z;file
radio/provide/planet/there/heavy/doctor.jpg;838081921;2014-04-25T00:16:15Z;file
radio/provide/planet/there/heavy/dollar.jpg;481379534;2008-09-30T09:36:51Z;file
radio/provide/planet/there/heavy/fruit.doc;268111545;2013-12-23T08:29:51Z;file
radio/provide/planet/there/heavy/usual.jpg;192801878;2015-01-31T11:15:39Z;file
radio/provide/planet/there/subtract;0;2017-07-04T15:56:37Z;directory
radio/provide/planet/there/subtract/broad.R;479672692;2017-07-04T15:56:37Z;file
radio/provide/planet/there/subtract/music.jpg;187156824;2012-09-12T20:34:54Z;file
radio/provide/planet/there/subtract/please.doc;710651206;2015-07-10T09:44:35Z;file
radio/provide/planet/there/thank;0;2017-06-18T19:47:29Z;directory
radio/provide/planet/there/thank/answer.doc;875352745;2017-06-18T19:47:29Z;file
radio/provide/planet/there/thank/finger.doc;413135667;2015-07-08T04:05:38Z;file
radio/provide/planet/there/thank/industry.doc;761301876;2010-07-07T03:08:57Z;file
radio/provide/planet/there/thank/multiply.xls;460587330;2010-09-10T14:50:16Z;file
radio/provide/planet/there/thank/small.pdf;1003332364;2013-06-24T14:02:15Z;file
radio/provide/planet/there/those.png;419614102;2015-06-25T05:26:43Z;file
radio/provide/sister;0;2017-12-26T13:09:27Z;directory
radio/provide/sister/change;0;2014-08-27T15:12:28Z;directory
radio/provide/sister/change/spoke.pdf;92727445;2013-01-05T21:55:28Z;file
radio/provide/sister/change/triangle.R;697227647;2014-08-27T15:12:28Z;file
radio/provide/sister/enter;0;2017-08-09T11:55:51Z;directory
radio/provide/sister/enter/clear.xls;1034988801;2015-11-22T10:01:15Z;file
radio/provide/sister/enter/decimal;0;2018-02-21T00:09:33Z;directory
radio/provide/sister/enter/decimal/broke.R;262578346;2014-07-18T03:48:00Z;file
radio/provide/sister/enter/decimal/imagine.xls;910566725;2012-10-27T14:28:51Z;file
radio/provide/sister/enter/decimal/oxygen.png;911233207;2012-08-07T23:16:20Z;file
radio/provide/sister/enter/decimal/shine.pdf;623763254;2018-02-15T02:59:53Z;file
radio/provide/sister/enter/decimal/should.png;714057683;2015-12-15T17:39:33Z;file
radio/provide/sister/enter/decimal/steel.pdf;75604294;2014-02-06T07:50:52Z;file
radio/provide/sister/enter/decimal/strange.pdf;292333347;2017-02-07T18:12:06Z;file
radio/provide/sister/enter/decimal/surface.R;300388497;2018-02-21T00:09:33Z;file
radio/provide/sister/enter/energy.jpg;920767780;2017-08-09T11:55:51Z;file
radio/provide/sister/enter/figure.xls;983417469;2016-11-15T17:31:04Z;file
radio/provide/sister/enter/heavy.doc;60283914;2014-07-03T09:32:40Z;file
radio/provide/sister/enter/length;0;2017-01-19T11:02:59Z;directory
radio/provide/sister/enter/length/collect.png;930150559;2016-07-31T16:50:33Z;file
radio/provide/sister/enter/length/grass.jpg;809417937;2013-04-02T15:06:16Z;file
radio/provide/sister/enter/length/measure.doc;430780838;2017-01-16T01:39:23Z;file
radio/provide/sister/enter/length/notice.pdf;428274483;2015-04-04T23:19:39Z;file
radio/provide/sister/enter/length/problem.pdf;981638219;2012-05-03T14:50:22Z;file
radio/provide/sister/enter/length/sight.R;418800936;2017-01-19T11:02:59Z;file
radio/provide/sister/enter/length/sister.pdf;486903835;2009-03-14T20:24:15Z;file
radio/provide/sister/enter/length/think.R;157384754;2013-09-25T10:49:30Z;file
radio/provide/sister/enter/length/winter.png;231590748;2012-11-20T15:35:43Z;file
radio/provide/sister/enter/noise.pdf;719900693;2012-10-03T21:37:34Z;file
radio/provide/sister/enter/three.jpg;689306405;2017-03-20T20:20:40Z;file
radio/provide/sister/enter/winter.doc;511583259;2011-03-12T05:14:05Z;file
radio/provide/sister/guide.pdf;966730512;2010-08-01T13:12:13Z;file
radio/provide/sister/master.pdf;59319056;2014-04-03T15:29:00Z;file
radio/provide/sister/order.R;631060884;2009-10-27T18:14:08Z;file
radio/provide/sister/position;0;2010-11-19T23:24:41Z;directory
radio/provide/sister/position/dictionary.png;590526976;2010-11-19T23:24:41Z;file
radio/provide/sister/process.pdf;749975347;2009-08-07T05:26:38Z;file
radio/provide/sister/spell.pdf;960711865;2008-11-24T11:15:21Z;file
radio/provide/sister/usual.xls;929380584;2011-05-10T00:43:27Z;file
radio/provide/sister/woman.png;332305627;2017-12-26T13:09:27Z;file
radio/provide/stand.R;375955845;2012-09-14T05:45:15Z;file
radio/sense.doc;945355201;2016-12-31T12:46:27Z;file
radio/spring.jpg;272136610;2014-10-18T06:10:17Z;file
radio/support;0;2017-09-03T16:54:35Z;directory
radio/support/child.jpg;992200012;2011-12-21T05:39:02Z;file
radio/support/difficult/quiet;0;2016-02-19T12:14:35Z;directory
radio/support/difficult/quiet/length;0;2017-04-21T17:55:38Z;directory
radio/support/difficult/quiet/length/difficult.pdf;1032920272;2017-04-21T17:55:38Z;file
radio/support/difficult/quiet/length/govern.doc;241154833;2014-12-14T17:54:49Z;file
radio/support/difficult/quiet/length/notice.png;951658527;2013-12-16T04:24:29Z;file
radio/support/difficult/quiet/people;0;2015-12-14T03:37:57Z;directory
radio/support/difficult/quiet/people/consider.doc;1051081804;2013-08-29T09:16:46Z;file
radio/support/difficult/quiet/people/dollar.doc;520601475;2015-09-24T00:23:34Z;file
radio/support/difficult/quiet/people/equal.png;615035895;2009-08-14T06:36:33Z;file
radio/support/difficult/quiet/people/perhaps.jpg;1027067581;2015-12-14T03:37:57Z;file
radio/support/difficult/quiet/plane.jpg;1068230452;2015-01-10T03:58:34Z;file
radio/support/difficult/quiet/rather.doc;732753661;2013-04-10T14:08:29Z;file
radio/support/difficult/quiet/reason;0;2016-07-31T11:12:58Z;directory
radio/support/difficult/quiet/reason/broad.pdf;302822791;2012-11-05T01:34:44Z;file
radio/support/difficult/quiet/reason/enter.png;414858078;2011-01-07T01:46:48Z;file
radio/support/difficult/quiet/reason/general.xls;541821724;2010-10-16T06:18:59Z;file
radio/support/difficult/quiet/reason/group.jpg;119178942;2012-01-10T12:26:50Z;file
radio/support/difficult/quiet/reason/paper.pdf;812535799;2015-05-16T12:38:52Z;file
radio/support/difficult/quiet/reason/shape.doc;332195120;2010-03-07T00:30:54Z;file
radio/support/difficult/quiet/reason/still.R;146719298;2013-05-06T17:19:05Z;file
radio/support/difficult/quiet/reason/student.jpg;460281543;2016-07-31T11:12:58Z;file
radio/support/difficult/quiet/reason/thousand.jpg;333044761;2014-11-08T02:24:28Z;file
radio/support/difficult/quiet/reason/while.jpg;507432772;2009-07-23T12:03:00Z;file
radio/support/difficult/quiet/shine.R;155401148;2009-08-31T16:21:30Z;file
radio/support/difficult/quiet/silent.xls;1008014370;2015-05-05T08:34:33Z;file
radio/support/difficult/quiet/solution;0;2018-03-12T14:07:57Z;directory
radio/support/difficult/quiet/solution/brother.xls;450173265;2018-03-12T14:07:57Z;file
radio/support/difficult/quiet/solution/sheet.R;247313851;2016-04-09T05:03:05Z;file
radio/support/difficult/quiet/spell.png;1000562640;2016-02-19T12:14:35Z;file
radio/support/difficult/quiet/success;0;2013-11-23T02:50:42Z;directory
radio/support/difficult/quiet/success/second.png;779712851;2013-11-23T02:50:42Z;file
radio/support/difficult/quiet/success/whole.pdf;891238577;2009-04-20T01:16:29Z;file
radio/support/event.R;535913972;2017-08-24T09:22:30Z;file
radio/support/solution.png;779007011;2017-09-03T16:54:35Z;file
radio/support/their.doc;821246327;2014-12-29T13:14:28Z;file
radio/think;0;2018-01-09T11:48:57Z;directory
radio/think/basic.xls;23823003;2010-12-07T13:27:28Z;file
radio/think/chance.pdf;334572772;2018-01-09T11:48:57Z;file
radio/think/desert.jpg;186233223;2014-02-24T00:11:27Z;file
radio/think/discuss.xls;984851240;2009-11-16T04:46:44Z;file
radio/think/effect.doc;533929175;2017-06-24T22:30:31Z;file
radio/think/enough.jpg;384540015;2014-01-07T12:25:40Z;file
radio/think/mountain;0;2016-10-08T09:07:05Z;directory
radio/think/mountain/animal.doc;326874735;2016-10-08T09:07:05Z;file
radio/think/mountain/climb;0;2013-10-23T21:35:39Z;directory
radio/think/mountain/climb/animal.xls;329603712;2013-04-20T03:56:06Z;file
radio/think/mountain/climb/cloud;0;2018-02-21T01:51:25Z;directory
radio/think/mountain/climb/cloud/among.pdf;386260430;2010-01-08T22:36:31Z;file
radio/think/mountain/climb/cloud/chief.R;975648915;2014-02-25T01:25:20Z;file
radio/think/mountain/climb/cloud/cover.jpg;90488127;2013-12-24T06:57:54Z;file
radio/think/mountain/climb/cloud/major.doc;656115843;2018-02-21T01:51:25Z;file
radio/think/mountain/climb/cloud/picture.xls;80148942;2011-10-03T09:13:46Z;file
radio/think/mountain/climb/cloud/share.R;761804405;2016-08-08T19:13:42Z;file
radio/think/mountain/climb/cloud/strange.R;581262462;2014-08-15T16:45:51Z;file
radio/think/mountain/climb/cloud/string.png;498637904;2008-12-06T06:18:42Z;file
radio/think/mountain/climb/cloud/triangle.jpg;886300505;2015-03-27T20:05:42Z;file
radio/think/mountain/climb/cloud/which.jpg;378691762;2012-06-06T10:01:20Z;file
radio/think/mountain/climb/collect;0;2016-08-18T06:18:11Z;directory
radio/think/mountain/climb/collect/allow.pdf;480082998;2009-10-22T09:02:44Z;file
radio/think/mountain/climb/collect/behind.xls;476015126;2010-03-03T14:51:13Z;file
radio/think/mountain/climb/collect/close.jpg;430655264;2009-06-28T23:12:42Z;file
radio/think/mountain/climb/collect/current.png;1043467668;2015-02-17T21:24:18Z;file
radio/think/mountain/climb/collect/discuss.jpg;1052451920;2010-05-13T22:20:27Z;file
radio/think/mountain/climb/collect/locate.jpg;475847266;2016-08-18T06:18:11Z;file
radio/think/mountain/climb/collect/shore.xls;706136791;2014-07-22T05:28:59Z;file
radio/think/mountain/climb/collect/woman.pdf;623631353;2013-06-15T18:57:20Z;file
radio/think/mountain/climb/collect/women.R;308893063;2012-09-30T19:11:45Z;file
radio/think/mountain/climb/field.jpg;41467083;2013-10-23T21:35:39Z;file
radio/think/mountain/climb/language;0;2015-12-16T06:11:51Z;directory
radio/think/mountain/climb/language/control.png;934774193;2009-08-17T20:53:31Z;file
radio/think/mountain/climb/language/other.doc;750082357;2011-05-02T07:10:16Z;file
radio/think/mountain/climb/language/plain.xls;673441377;2011-01-07T06:01:19Z;file
radio/think/mountain/climb/language/produce.doc;120863229;2010-04-27T12:19:50Z;file
radio/think/mountain/climb/language/product.R;194429855;2009-03-07T03:26:08Z;file
radio/think/mountain/climb/language/represent.doc;942619912;2015-12-16T06:11:51Z;file
radio/think/mountain/climb/language/subtract.R;883271250;2010-09-02T11:14:52Z;file
radio/think/mountain/climb/language/touch.png;478209842;2014-08-07T14:21:25Z;file
radio/think/mountain/climb/language/weather.png;705030260;2015-11-08T22:14:21Z;file
radio/think/mountain/climb/master;0;2017-06-08T01:07:21Z;directory
radio/think/mountain/climb/master/bought.R;648240528;2010-05-25T06:25:39Z;file
radio/think/mountain/climb/master/clear.doc;100592771;2017-06-08T01:07:21Z;file
radio/think/mountain/climb/master/complete.doc;390115070;2010-03-31T02:04:11Z;file
radio/think/mountain/climb/master/offer.xls;871074902;2016-02-27T05:07:09Z;file
radio/think/mountain/climb/master/store.pdf;39370925;2008-06-06T18:12:42Z;file
radio/think/mountain/climb/sight;0;2017-12-08T10:07:23Z;directory
radio/think/mountain/climb/sight/anger.doc;340840624;2015-10-09T11:14:17Z;file
radio/think/mountain/climb/sight/blood.R;747214580;2011-07-11T13:19:24Z;file
radio/think/mountain/climb/sight/catch.pdf;86878678;2013-02-01T19:06:14Z;file
radio/think/mountain/climb/sight/child.pdf;32053081;2010-07-13T21:53:23Z;file
radio/think/mountain/climb/sight/course.png;929800088;2012-09-24T22:01:28Z;file
radio/think/mountain/climb/sight/determine.pdf;39524337;2017-12-08T10:07:23Z;file
radio/think/mountain/climb/sight/division.xls;573617500;2011-11-14T10:50:11Z;file
radio/think/mountain/climb/sight/press.xls;280401250;2009-04-23T03:31:22Z;file
radio/think/mountain/climb/sight/wrong.jpg;859074323;2008-11-25T22:10:04Z;file
radio/think/mountain/equal;0;2014-11-02T02:09:47Z;directory
radio/think/mountain/equal/catch.jpg;172262411;2010-08-09T07:49:09Z;file
radio/think/mountain/equal/division.pdf;899085919;2010-04-05T16:19:05Z;file
radio/think/mountain/equal/expect;0;2015-09-04T03:45:23Z;directory
radio/think/mountain/equal/expect/grass.pdf;895878591;2015-09-04T03:45:23Z;file
radio/think/mountain/equal/expect/include.R;473566003;2012-05-02T22:15:48Z;file
radio/think/mountain/equal/expect/young.R;699701830;2013-02-10T14:41:46Z;file
radio/think/mountain/equal/figure.pdf;7545613;2014-11-02T02:09:47Z;file
radio/think/mountain/equal/little;0;2009-03-29T05:46:32Z;directory
radio/think/mountain/equal/little/carry.R;541283848;2009-03-29T05:46:32Z;file
radio/think/mountain/equal/piece;0;2016-09-24T23:21:44Z;directory
radio/think/mountain/equal/piece/dictionary.jpg;145907938;2011-09-11T07:38:16Z;file
radio/think/mountain/equal/piece/grass.png;863508386;2008-12-27T05:05:50Z;file
radio/think/mountain/equal/piece/length.pdf;488811782;2013-01-17T18:09:40Z;file
radio/think/mountain/equal/piece/little.xls;443314613;2014-11-16T17:12:12Z;file
radio/think/mountain/equal/piece/mouth.xls;71300045;2015-04-12T14:53:30Z;file
radio/think/mountain/equal/piece/piece.R;594880613;2013-07-26T08:47:00Z;file
radio/think/mountain/equal/piece/present.doc;72442000;2009-03-02T23:29:58Z;file
radio/think/mountain/equal/piece/wonder.xls;897772490;2016-09-24T23:21:44Z;file
radio/think/mountain/equal/plane;0;2017-07-28T19:13:41Z;directory
radio/think/mountain/equal/plane/cover.doc;625774422;2016-12-14T05:43:07Z;file
radio/think/mountain/equal/plane/dictionary.jpg;435032657;2009-12-12T06:40:13Z;file
radio/think/mountain/equal/plane/electric.doc;786729977;2009-08-16T03:30:45Z;file
radio/think/mountain/equal/plane/major.pdf;434380694;2012-04-29T09:01:42Z;file
radio/think/mountain/equal/plane/minute.png;319821025;2017-06-02T13:16:47Z;file
radio/think/mountain/equal/plane/night.doc;599134453;2013-02-20T13:10:19Z;file
radio/think/mountain/equal/plane/stream.pdf;487605487;2010-04-02T04:34:11Z;file
radio/think/mountain/equal/plane/train.jpg;366059381;2017-07-28T19:13:41Z;file
radio/think/mountain/equal/repeat.jpg;395359965;2009-11-11T18:26:11Z;file
radio/think/mountain/equal/sentence.xls;434740914;2013-03-02T08:29:53Z;file
radio/think/mountain/equal/story;0;2016-11-21T14:21:04Z;directory
radio/think/mountain/equal/story/class.xls;1018392653;2015-08-24T08:01:06Z;file
radio/think/mountain/equal/story/listen.pdf;558293788;2010-08-16T07:33:35Z;file
radio/think/mountain/equal/story/select.pdf;358521790;2016-11-21T14:21:04Z;file
radio/think/mountain/equal/story/stead.xls;769622597;2010-02-18T23:48:19Z;file
radio/think/mountain/experiment;0;2015-10-09T02:05:41Z;directory
radio/think/mountain/experiment/break.pdf;66448257;2009-06-12T18:37:00Z;file
radio/think/mountain/experiment/cloud.doc;102243087;2011-12-26T10:42:42Z;file
radio/think/mountain/experiment/pound.xls;1068697142;2011-04-14T15:22:10Z;file
radio/think/mountain/experiment/sudden.jpg;355120493;2015-10-09T02:05:41Z;file
radio/think/mountain/experiment/wrong.xls;283957995;2014-04-01T05:42:02Z;file
radio/think/mountain/favor;0;2012-03-06T19:52:05Z;directory
radio/think/mountain/favor/bright.doc;452034840;2009-09-16T10:38:13Z;file
radio/think/mountain/favor/chord.R;322719077;2010-03-22T18:26:24Z;file
radio/think/mountain/favor/dance.jpg;331389245;2008-08-26T14:00:43Z;file
radio/think/mountain/favor/during.pdf;8053237;2012-03-06T19:52:05Z;file
radio/think/mountain/favor/master;0;2016-10-12T17:35:01Z;directory
radio/think/mountain/favor/master/natural.R;469881738;2014-03-18T22:40:19Z;file
radio/think/mountain/favor/master/original.xls;872522989;2016-10-12T17:35:01Z;file
radio/think/mountain/favor/master/several.doc;1056148478;2016-07-29T21:21:43Z;file
radio/think/mountain/favor/master/shore.doc;373176994;2008-11-09T12:28:03Z;file
radio/think/mountain/favor/probable;0;2014-06-07T07:53:22Z;directory
radio/think/mountain/favor/probable/bright.R;1052887421;2014-06-07T07:53:22Z;file
radio/think/mountain/favor/probable/discuss.pdf;561894763;2011-10-25T06:32:00Z;file
radio/think/mountain/favor/probable/plain.doc;186122101;2012-08-03T07:24:38Z;file
radio/think/mountain/favor/require;0;2014-08-21T14:02:40Z;directory
radio/think/mountain/favor/require/company.R;575449403;2013-07-19T00:35:26Z;file
radio/think/mountain/favor/require/possible.jpg;367423047;2009-04-15T17:05:24Z;file
radio/think/mountain/favor/require/south.xls;818662021;2011-12-14T01:54:15Z;file
radio/think/mountain/favor/require/would.jpg;1067753165;2014-08-21T14:02:40Z;file
radio/think/mountain/favor/written;0;2015-06-12T03:44:27Z;directory
radio/think/mountain/favor/written/difficult.png;1072507986;2015-06-12T03:44:27Z;file
radio/think/mountain/favor/written/notice.pdf;636277665;2009-05-10T05:30:22Z;file
radio/think/mountain/favor/written/produce.png;686384491;2014-12-12T14:57:29Z;file
radio/think/mountain/sleep.xls;586785009;2015-06-17T17:15:28Z;file
radio/think/protect.jpg;585011846;2011-09-13T06:23:20Z;file
radio/think/ready;0;2017-08-02T16:50:34Z;directory
radio/think/ready/check;0;2012-03-08T10:17:17Z;directory
radio/think/ready/check/begin;0;2017-09-30T19:23:57Z;directory
radio/think/ready/check/begin/character.doc;777861755;2013-08-30T12:47:50Z;file
radio/think/ready/check/begin/climb.R;502744787;2011-02-08T02:45:48Z;file
radio/think/ready/check/begin/interest.doc;152791543;2011-01-08T17:10:28Z;file
radio/think/ready/check/begin/major.xls;382602928;2010-06-03T13:54:48Z;file
radio/think/ready/check/begin/might.pdf;702131908;2014-07-30T20:46:51Z;file
radio/think/ready/check/begin/serve.doc;1018351787;2016-09-08T05:06:58Z;file
radio/think/ready/check/begin/straight.doc;31024468;2017-09-30T19:23:57Z;file
radio/think/ready/check/begin/value.xls;230090232;2014-11-03T01:59:32Z;file
radio/think/ready/check/pretty.xls;482160235;2009-01-11T08:53:45Z;file
radio/think/ready/check/simple.pdf;144892509;2012-03-08T10:17:17Z;file
radio/think/ready/check/world.R;968922238;2010-12-31T02:08:44Z;file
radio/think/ready/perhaps.doc;1044317765;2017-01-06T02:12:50Z;file
radio/think/ready/plural.jpg;19765161;2017-08-02T16:50:34Z;file
radio/think/ready/scale.pdf;768043712;2016-12-19T22:46:32Z;file
radio/think/window;0;2017-12-07T21:31:19Z;directory
radio/think/window/bright.R;45134234;2015-12-02T23:18:49Z;file
radio/think/window/climb;0;2015-12-14T11:10:34Z;directory
radio/think/window/climb/color;0;2010-01-13T08:30:17Z;directory
radio/think/window/climb/color/double.pdf;210428983;2010-01-13T08:30:17Z;file
radio/think/window/climb/favor;0;2017-08-10T01:48:16Z;directory
radio/think/window/climb/favor/cloud.R;672249584;2012-07-01T11:31:32Z;file
radio/think/window/climb/favor/follow.jpg;659480418;2017-08-02T12:04:42Z;file
radio/think/window/climb/favor/listen.xls;595271649;2012-02-11T02:01:22Z;file
radio/think/window/climb/favor/never.doc;1034269684;2013-09-25T09:16:24Z;file
radio/think/window/climb/favor/number.pdf;1067831219;2010-11-06T19:26:52Z;file
radio/think/window/climb/favor/person.xls;61063495;2009-01-02T09:23:40Z;file
radio/think/window/climb/favor/quotient.pdf;435939534;2014-03-03T20:59:29Z;file
radio/think/window/climb/favor/skill.doc;389313305;2017-08-10T01:48:16Z;file
radio/think/window/climb/favor/steam.jpg;77415146;2014-05-12T14:34:49Z;file
radio/think/window/climb/govern;0;2017-04-14T20:19:20Z;directory
radio/think/window/climb/govern/among.pdf;344741253;2012-05-24T16:58:22Z;file
radio/think/window/climb/govern/experience.doc;97700744;2017-04-14T20:19:20Z;file
radio/think/window/climb/nothing.jpg;329910443;2011-09-15T19:23:12Z;file
radio/think/window/climb/other;0;2017-08-29T11:16:25Z;directory
radio/think/window/climb/other/afraid.pdf;711774312;2015-04-30T13:56:11Z;file
radio/think/window/climb/other/check.jpg;221287671;2017-08-29T11:16:25Z;file
radio/think/window/climb/other/green.jpg;826721943;2017-01-23T10:45:44Z;file
radio/think/window/climb/other/paper.xls;949296828;2016-02-17T04:43:15Z;file
radio/think/window/climb/other/system.R;887661600;2016-10-30T17:09:31Z;file
radio/think/window/climb/score;0;2015-08-28T01:45:27Z;directory
radio/think/window/climb/score/written.jpg;549188624;2015-08-28T01:45:27Z;file
radio/think/window/climb/station.doc;911460676;2015-12-14T11:10:34Z;file
radio/think/window/multiply;0;2015-09-06T00:52:34Z;directory
radio/think/window/multiply/determine;0;2016-07-24T04:31:39Z;directory
radio/think/window/multiply/determine/forward.pdf;277870979;2016-07-24T04:31:39Z;file
radio/think/window/multiply/front;0;2015-03-26T16:23:56Z;directory
radio/think/window/multiply/front/charge.doc;521796213;2008-07-02T17:14:09Z;file
radio/think/window/multiply/front/plain.pdf;661421542;2013-03-11T12:26:38Z;file
radio/think/window/multiply/front/planet.xls;865453240;2011-11-27T21:45:25Z;file
radio/think/window/multiply/front/raise.pdf;237087234;2015-03-26T16:23:56Z;file
radio/think/window/multiply/melody;0;2015-01-28T00:18:46Z;directory
radio/think/window/multiply/melody/difficult.doc;449465764;2010-03-07T11:07:17Z;file
radio/think/window/multiply/melody/electric.xls;428442509;2015-01-28T00:18:46Z;file
radio/think/window/multiply/melody/fight.doc;528889848;2014-08-03T14:06:37Z;file
radio/think/window/multiply/melody/fraction.pdf;669853636;2013-08-31T16:41:44Z;file
radio/think/window/multiply/melody/often.R;1040826148;2010-06-03T17:46:38Z;file
radio/think/window/multiply/melody/place.pdf;423731610;2014-10-02T10:45:23Z;file
radio/think/window/multiply/melody/stick.jpg;882888067;2010-12-27T11:53:44Z;file
radio/think/window/multiply/melody/store.R;470897554;2012-03-29T18:45:21Z;file
radio/think/window/multiply/melody/white.png;1004257044;2011-06-27T11:29:39Z;file
radio/think/window/multiply/product.xls;229178070;2008-11-20T20:51:25Z;file
radio/think/window/multiply/reply.R;995443395;2015-09-06T00:52:34Z;file
radio/think/window/multiply/settle;0;2012-11-30T06:06:13Z;directory
radio/think/window/multiply/settle/quart.png;433980024;2012-11-30T06:06:13Z;file
radio/think/window/multiply/settle/throw.jpg;369189221;2009-08-09T13:44:27Z;file
radio/think/window/multiply/straight.png;733246991;2009-08-14T23:06:47Z;file
radio/think/window/multiply/travel;0;2017-02-23T14:45:38Z;directory
radio/think/window/multiply/travel.jpg;384540252;2013-05-31T15:57:58Z;file
radio/think/window/multiply/travel/child.jpg;323529021;2009-12-13T14:18:31Z;file
radio/think/window/multiply/travel/hurry.png;273738346;2011-03-11T13:48:30Z;file
radio/think/window/multiply/travel/person.pdf;642314222;2017-02-23T14:45:38Z;file
radio/think/window/multiply/travel/rather.png;1065673578;2016-04-02T06:48:59Z;file
radio/think/window/multiply/travel/shore.png;285434914;2009-08-30T12:04:49Z;file
radio/think/window/multiply/travel/sister.jpg;1051131649;2016-09-23T16:05:31Z;file
radio/think/window/multiply/travel/spread.png;111989954;2009-06-13T02:28:12Z;file
radio/think/window/multiply/travel/whether.png;85020348;2009-11-29T15:46:23Z;file
radio/think/window/multiply/where.jpg;668412796;2013-04-30T08:39:27Z;file
radio/think/window/raise.png;1017754873;2017-12-07T21:31:19Z;file
radio/which;0;2014-10-01T14:17:45Z;directory
radio/which/animal;0;2013-02-05T18:03:10Z;directory
radio/which/animal/again;0;2014-05-31T06:51:40Z;directory
radio/which/animal/again/clock.xls;1065314899;2013-10-31T01:54:32Z;file
radio/which/animal/again/continent;0;2017-12-14T15:22:00Z;directory
radio/which/animal/again/continent/chance.png;375541187;2017-12-14T15:22:00Z;file
radio/which/animal/again/continent/enough.doc;240751448;2017-08-29T03:07:58Z;file
radio/which/animal/again/continent/example.doc;504707073;2016-04-24T03:50:21Z;file
radio/which/animal/again/continent/exercise.R;629140994;2011-01-19T15:08:21Z;file
radio/which/animal/again/continent/ground.pdf;18576608;2014-11-17T03:28:20Z;file
radio/which/animal/again/continent/neighbor.pdf;195622685;2012-05-24T21:43:17Z;file
radio/which/animal/again/continent/proper.jpg;14128862;2017-10-12T17:57:03Z;file
radio/which/animal/again/continent/quart.xls;320922302;2014-06-13T01:55:14Z;file
radio/which/animal/again/continent/school.pdf;472478824;2008-09-12T08:17:57Z;file
radio/which/animal/again/continent/travel.R;858820776;2012-05-29T12:24:13Z;file
radio/which/animal/again/crowd.doc;1067407816;2014-05-31T06:51:40Z;file
radio/which/animal/again/current.R;288176186;2012-10-03T22:17:21Z;file
radio/which/animal/again/found;0;2015-02-26T12:55:35Z;directory
radio/which/animal/again/found/arrive.doc;521370765;2010-02-09T21:52:34Z;file
radio/which/animal/again/found/brown.xls;243934771;2013-01-25T05:35:24Z;file
radio/which/animal/again/found/cause.doc;902048454;2010-05-18T14:34:07Z;file
radio/which/animal/again/found/electric.R;852344391;2015-02-26T12:55:35Z;file
radio/which/animal/again/found/pretty.R;161828451;2008-12-27T00:48:33Z;file
radio/which/animal/again/found/quick.jpg;628969;2010-08-07T09:50:34Z;file
radio/which/animal/again/found/settle.R;796146172;2014-07-18T01:53:43Z;file
radio/which/animal/again/found/surprise.jpg;954993799;2012-01-15T21:18:40Z;file
radio/which/animal/again/garden.pdf;564584251;2014-03-31T10:42:37Z;file
radio/which/animal/again/though;0;2015-02-08T15:18:12Z;directory
radio/which/animal/again/though/discuss.png;357372035;2010-02-21T12:53:47Z;file
radio/which/animal/again/though/industry.png;744755674;2014-01-27T04:03:01Z;file
radio/which/animal/again/though/piece.doc;7262040;2015-02-08T15:18:12Z;file
radio/which/animal/bread.pdf;721765492;2013-02-05T18:03:10Z;file
radio/which/animal/energy;0;2015-09-18T02:10:52Z;directory
radio/which/animal/energy/first;0;2015-06-24T02:48:32Z;directory
radio/which/animal/energy/first/dictionary.xls;923925698;2012-01-28T14:34:20Z;file
radio/which/animal/energy/first/distant.png;666211918;2015-06-24T02:48:32Z;file
radio/which/animal/energy/first/evening.xls;293897774;2010-10-06T23:22:44Z;file
radio/which/animal/energy/first/represent.R;608917307;2011-07-26T09:53:14Z;file
radio/which/animal/energy/pretty.pdf;16768313;2008-07-23T19:54:55Z;file
radio/which/animal/energy/proper.pdf;415020992;2014-03-12T19:20:30Z;file
radio/which/animal/energy/triangle.png;741591259;2015-09-18T02:10:52Z;file
radio/which/animal/guide;0;2014-09-19T08:53:26Z;directory
radio/which/animal/guide/behind;0;2013-03-07T19:19:50Z;directory
radio/which/animal/guide/behind/slave.jpg;765378293;2013-03-07T19:19:50Z;file
radio/which/animal/guide/behind/young.pdf;94419621;2011-09-23T20:19:29Z;file
radio/which/animal/guide/grand;0;2016-05-06T22:41:32Z;directory
radio/which/animal/guide/grand/above.pdf;368180168;2016-03-05T15:36:10Z;file
radio/which/animal/guide/grand/appear.xls;589582887;2014-07-28T00:05:15Z;file
radio/which/animal/guide/grand/brown.jpg;287499449;2016-03-15T04:54:05Z;file
radio/which/animal/guide/grand/especially.png;554057457;2016-05-06T22:41:32Z;file
radio/which/animal/guide/grand/smell.xls;600068519;2013-06-19T06:09:56Z;file
radio/which/animal/guide/grand/spoke.R;1011835421;2012-09-02T01:08:10Z;file
radio/which/animal/guide/grand/stream.doc;959954712;2014-05-30T17:01:11Z;file
radio/which/animal/guide/grand/surprise.xls;455325669;2011-12-15T19:49:34Z;file
radio/which/animal/guide/grand/throw.jpg;230153596;2010-11-11T20:48:42Z;file
radio/which/animal/guide/opposite.doc;511097812;2014-09-19T08:53:26Z;file
radio/which/animal/guide/solve;0;2014-02-11T18:10:37Z;directory
radio/which/animal/guide/solve/middle.png;474153637;2011-02-10T05:09:34Z;file
radio/which/animal/guide/solve/reply.doc;845882461;2013-01-19T13:55:41Z;file
radio/which/animal/guide/solve/third.R;301714185;2011-10-28T03:26:28Z;file
radio/which/animal/guide/solve/while.xls;279044715;2014-02-11T18:10:37Z;file
radio/which/animal/guide/stead.pdf;427171383;2013-05-17T08:40:41Z;file
radio/which/animal/guide/twenty.pdf;767339141;2008-11-17T06:21:54Z;file
radio/which/animal/guide/until;0;2018-03-23T11:17:42Z;directory
radio/which/animal/guide/until.png;900855037;2010-07-25T18:05:52Z;file
radio/which/animal/guide/until/cloud.jpg;1002245809;2013-12-17T15:17:05Z;file
radio/which/animal/guide/until/could.doc;343341719;2010-08-03T18:15:16Z;file
radio/which/animal/guide/until/language.doc;775913065;2015-05-20T05:58:18Z;file
radio/which/animal/guide/until/motion.jpg;1024462309;2011-08-25T07:33:00Z;file
radio/which/animal/guide/until/quick.R;125865297;2015-12-16T05:54:11Z;file
radio/which/animal/guide/until/serve.pdf;586458359;2012-08-12T00:36:45Z;file
radio/which/animal/guide/until/similar.R;795060576;2017-12-03T13:39:21Z;file
radio/which/animal/guide/until/temperature.xls;689301598;2015-11-18T10:23:28Z;file
radio/which/animal/guide/until/white.jpg;1071434052;2010-05-22T04:11:44Z;file
radio/which/animal/guide/until/whose.pdf;962338600;2018-03-23T11:17:42Z;file
radio/which/animal/prepare;0;2009-12-10T08:35:24Z;directory
radio/which/animal/prepare/check.png;675410737;2009-12-10T08:35:24Z;file
radio/which/animal/winter;0;2016-05-14T22:07:08Z;directory
radio/which/animal/winter/divide;0;2011-07-25T15:23:36Z;directory
radio/which/animal/winter/divide/energy.xls;785450693;2011-07-25T15:23:36Z;file
radio/which/animal/winter/energy.jpg;553231441;2013-05-23T09:05:09Z;file
radio/which/animal/winter/final.xls;229851066;2016-05-14T22:07:08Z;file
radio/which/animal/winter/horse.R;881871708;2011-04-29T04:11:50Z;file
radio/which/animal/winter/world;0;2018-04-05T12:50:45Z;directory
radio/which/animal/winter/world/believe.xls;1030184795;2010-12-28T03:43:05Z;file
radio/which/animal/winter/world/drink.jpg;300782843;2018-04-05T12:50:45Z;file
radio/which/animal/winter/world/glass.pdf;467070599;2013-12-11T10:57:11Z;file
radio/which/animal/winter/world/place.jpg;479728074;2017-11-11T03:44:18Z;file
radio/which/animal/winter/world/right.png;944973849;2010-04-17T07:12:34Z;file
radio/which/animal/winter/world/segment.pdf;747274554;2013-05-02T18:13:14Z;file
radio/which/green;0;2008-05-17T07:48:04Z;directory
radio/which/green/stone.doc;169653940;2008-05-17T07:48:04Z;file
radio/which/learn.png;794706319;2010-04-04T03:54:10Z;file
radio/which/mouth.jpg;1013503901;2010-09-10T13:34:08Z;file
radio/which/quotient.png;858536283;2014-10-01T14:17:45Z;file
radio/which/sister.jpg;718549149;2010-07-15T23:19:53Z;file
radio/which/street.png;65749176;2011-01-10T15:41:01Z;file
radio/which/train;0;2016-06-20T02:53:41Z;directory
radio/which/train/character;0;2018-02-08T18:52:58Z;directory
radio/which/train/character/bought.jpg;791828417;2018-02-08T18:52:58Z;file
radio/which/train/character/bright.R;424632223;2013-01-12T10:39:07Z;file
radio/which/train/character/caught.xls;12289475;2017-03-22T05:33:56Z;file
radio/which/train/character/enemy.pdf;797572075;2017-11-11T22:50:58Z;file
radio/which/train/character/exercise.pdf;774628211;2009-05-01T10:24:37Z;file
radio/which/train/character/gentle;0;2017-08-04T13:23:27Z;directory
radio/which/train/character/gentle/bring.pdf;210705476;2013-09-30T06:06:12Z;file
radio/which/train/character/gentle/choose.png;543628282;2013-02-01T00:35:51Z;file
radio/which/train/character/gentle/event.jpg;690870646;2008-05-22T15:45:05Z;file
radio/which/train/character/gentle/little.jpg;430673383;2017-08-04T13:23:27Z;file
radio/which/train/character/gentle/nation.jpg;150476812;2015-12-12T12:12:36Z;file
radio/which/train/character/gentle/pretty.xls;615964922;2016-11-05T01:51:09Z;file
radio/which/train/character/gentle/quart.png;560985658;2012-12-16T06:47:19Z;file
radio/which/train/character/gentle/reply.xls;812311901;2008-12-19T11:27:52Z;file
radio/which/train/character/gentle/spread.R;760030025;2015-06-18T08:31:30Z;file
radio/which/train/character/gentle/would.doc;532974938;2008-09-05T18:58:50Z;file
radio/which/train/character/quick;0;2016-05-06T07:35:42Z;directory
radio/which/train/character/quick/brown.png;301719707;2011-04-27T19:26:34Z;file
radio/which/train/character/quick/check.png;386747206;2011-01-20T08:20:49Z;file
radio/which/train/character/quick/chick.doc;125904982;2012-10-09T20:28:47Z;file
radio/which/train/character/quick/force.png;800025477;2015-08-07T14:11:37Z;file
radio/which/train/character/quick/plane.jpg;639176832;2011-04-28T22:20:23Z;file
radio/which/train/character/quick/station.xls;659601453;2011-07-19T01:08:06Z;file
radio/which/train/character/quick/window.doc;40975569;2014-12-14T16:30:19Z;file
radio/which/train/character/quick/yellow.jpg;713486660;2016-05-06T07:35:42Z;file
radio/which/train/character/receive.R;271039698;2016-03-15T15:59:17Z;file
radio/which/train/include.R;777642210;2015-05-14T17:28:05Z;file
radio/which/train/minute;0;2017-01-03T07:45:04Z;directory
radio/which/train/minute/above.png;51959943;2010-06-16T19:43:42Z;file
radio/which/train/minute/block;0;2016-05-05T19:12:25Z;directory
radio/which/train/minute/block/group.png;758953457;2016-02-17T13:55:35Z;file
radio/which/train/minute/block/hurry.xls;907474198;2016-05-05T19:12:25Z;file
radio/which/train/minute/block/wrong.doc;188957699;2011-07-18T17:54:54Z;file
radio/which/train/minute/ground;0;2017-06-15T21:57:54Z;directory
radio/which/train/minute/ground/agree.R;556105421;2017-06-15T21:57:54Z;file
radio/which/train/minute/ground/design.jpg;1027684153;2014-09-19T06:49:07Z;file
radio/which/train/minute/ground/gather.png;583922419;2009-06-23T08:52:19Z;file
radio/which/train/minute/ground/guess.png;444284294;2008-10-21T00:04:10Z;file
radio/which/train/minute/ground/might.jpg;1000372766;2015-09-10T10:55:14Z;file
radio/which/train/minute/ground/period.R;1001516527;2013-06-20T21:47:25Z;file
radio/which/train/minute/ground/speak.png;677349066;2014-05-31T00:21:18Z;file
radio/which/train/minute/ground/thank.pdf;809704694;2016-12-16T06:24:18Z;file
radio/which/train/minute/ground/water.doc;194455346;2012-11-04T22:31:51Z;file
radio/which/train/minute/station.xls;822927857;2011-12-20T00:42:32Z;file
radio/which/train/minute/think.pdf;1023581008;2017-01-03T07:45:04Z;file
radio/which/train/minute/wheel.jpg;864830815;2011-03-18T11:26:38Z;file
radio/which/train/paper.R;903719971;2011-09-27T03:20:10Z;file
radio/which/train/please.R;416975158;2016-06-20T02:53:41Z;file
radio/which/train/position;0;2015-12-07T00:38:26Z;directory
radio/which/train/position/develop;0;2017-08-14T07:06:04Z;directory
radio/which/train/position/develop/evening.doc;949955164;2014-11-04T05:55:15Z;file
radio/which/train/position/develop/length.xls;979941443;2009-10-06T15:35:55Z;file
radio/which/train/position/develop/master.doc;1070147108;2010-07-10T10:09:36Z;file
radio/which/train/position/develop/music.png;1044791657;2017-08-14T07:06:04Z;file
radio/which/train/position/excite.jpg;750839978;2009-01-31T01:09:07Z;file
radio/which/train/position/insect;0;2014-04-05T23:46:38Z;directory
radio/which/train/position/insect/family.png;691706322;2013-03-16T05:08:14Z;file
radio/which/train/position/insect/mouth.doc;407255337;2014-04-05T23:46:38Z;file
radio/which/train/position/insect/twenty.xls;432780386;2009-06-26T14:31:51Z;file
radio/which/train/position/paragraph;0;2017-11-20T09:35:39Z;directory
radio/which/train/position/paragraph/crowd.R;894653935;2015-05-19T05:34:32Z;file
radio/which/train/position/paragraph/forward.R;812780090;2016-08-06T17:20:17Z;file
radio/which/train/position/paragraph/modern.jpg;1018372431;2017-11-20T09:35:39Z;file
radio/which/train/position/rather.doc;253848555;2011-02-09T02:34:31Z;file
radio/which/train/position/ready.xls;220493995;2013-11-06T11:07:00Z;file
radio/which/train/position/spring.doc;295124593;2015-12-07T00:38:26Z;file
radio/which/train/position/store;0;2013-06-20T03:02:01Z;directory
radio/which/train/position/store/blood.jpg;355588088;2009-10-12T09:55:37Z;file
radio/which/train/position/store/bread.png;429403817;2010-04-16T10:27:17Z;file
radio/which/train/position/store/complete.doc;1004808166;2010-08-29T16:27:02Z;file
radio/which/train/position/store/paragraph.pdf;880633975;2009-12-19T15:22:33Z;file
radio/which/train/position/store/pound.pdf;820943005;2011-05-02T22:25:52Z;file
radio/which/train/position/store/spoke.R;776701970;2010-01-07T00:24:19Z;file
radio/which/train/position/store/study.pdf;1061237770;2013-06-20T03:02:01Z;file
radio/which/train/position/supply;0;2017-10-15T19:34:18Z;directory
radio/which/train/position/supply/experience.xls;840975016;2017-10-01T14:04:12Z;file
radio/which/train/position/supply/fight.png;975351027;2013-11-08T15:47:14Z;file
radio/which/train/position/supply/heard.png;886309235;2011-06-09T11:03:58Z;file
radio/which/train/position/supply/master.jpg;903537905;2013-11-23T07:23:05Z;file
radio/which/train/position/supply/meant.xls;31620930;2017-08-24T16:02:50Z;file
radio/which/train/position/supply/people.xls;787536199;2014-03-06T11:39:37Z;file
radio/which/train/position/supply/sense.png;168140168;2016-02-05T16:25:03Z;file
radio/which/train/position/supply/stretch.doc;742658446;2017-10-15T19:34:18Z;file
radio/which/train/position/supply/sugar.png;552631601;2008-12-01T17:13:58Z;file
radio/which/train/position/supply/write.jpg;656353802;2009-08-15T03:14:09Z;file
radio/which/train/position/would;0;2018-03-18T13:20:47Z;directory
radio/which/train/position/would/above.R;818616762;2017-06-17T23:19:49Z;file
radio/which/train/position/would/distant.doc;292670792;2009-11-26T05:49:16Z;file
radio/which/train/position/would/enough.xls;808801772;2018-03-18T13:20:47Z;file
radio/which/train/position/would/island.xls;1026923282;2010-09-16T08:49:06Z;file
radio/which/train/position/would/molecule.pdf;1024273927;2014-10-26T16:56:25Z;file
radio/which/train/position/would/still.png;134828596;2008-06-16T15:06:29Z;file
radio/which/train/position/would/weather.jpg;283716953;2014-04-21T01:40:00Z;file
radio/which/train/quite.doc;189767036;2012-02-10T02:27:22Z;file
radio/which/train/represent.doc;776071748;2013-11-07T20:29:10Z;file
radio/which/train/student.pdf;40125576;2010-10-01T09:46:55Z;file
radio/which/train/whole.jpg;356318790;2009-09-17T00:46:10Z;file
radio/which/village;0;2015-03-22T14:27:12Z;directory
radio/which/village/animal;0;2011-06-20T18:22:26Z;directory
radio/which/village/animal/heavy;0;2016-11-13T14:34:36Z;directory
radio/which/village/animal/heavy/broke.pdf;75778594;2009-11-04T13:21:54Z;file
radio/which/village/animal/heavy/depend.jpg;94477281;2016-09-26T18:22:22Z;file
radio/which/village/animal/heavy/dress.doc;829582344;2011-01-27T16:50:26Z;file
radio/which/village/animal/heavy/drink.pdf;729977035;2010-09-15T01:51:39Z;file
radio/which/village/animal/heavy/enemy.R;352134901;2016-04-08T23:55:37Z;file
radio/which/village/animal/heavy/method.pdf;749305245;2008-08-03T22:53:53Z;file
radio/which/village/animal/heavy/weather.jpg;53431895;2014-12-07T21:24:22Z;file
radio/which/village/animal/heavy/where.jpg;708239214;2015-01-20T04:20:28Z;file
radio/which/village/animal/heavy/wonder.pdf;401225862;2010-04-22T17:50:41Z;file
radio/which/village/animal/heavy/would.jpg;979122787;2016-11-13T14:34:36Z;file
radio/which/village/animal/provide.png;465757761;2011-05-05T09:52:18Z;file
radio/which/village/animal/sudden.xls;310279869;2011-06-20T18:22:26Z;file
radio/which/village/drink.pdf;14494386;2008-11-20T14:59:15Z;file
radio/which/village/ground.doc;1055693451;2011-07-24T13:03:44Z;file
radio/which/village/heavy.pdf;115346805;2011-05-25T22:08:21Z;file
radio/which/village/quick.doc;103916871;2015-03-22T14:27:12Z;file
radio/whose.R;910514546;2011-06-12T02:04:53Z;file
